artemiusz@kanapka.com,Artemiusz,Kwasiczak,True,TeamKanapka,False,True
SylwesterKaminski@allegro.us,Sylwester,Kaminski,True,Allegro,False,False
admin@admini.com,Adam,Administracki,True,TeamKanapka,False,True
alicja@gmail.com,Alicja,Mniamek,True,Allegro,False,False
anita@gmail.com,Anita,Tomaszewska,False,Allegro,False,False
ryszard@gmail.com,Ryszard,Kucharski,True,GSK Services,False,False
MiloszGrabowski@gsk.us,Milosz,Grabowski,True,GSK Services,False,False
KrystianCzerwinski@gsk.us,Krystian,Czerwinski,True,GSK Services,False,False